Loan_ID,Gender,Married,Dependents,Education,Self_Employed,ApplicantIncome,CoapplicantIncome,LoanAmount,Loan_Amount_Term,Credit_History,Property_Area,Loan_Status
1001,Male,No,0,Graduate,No,5849,0,,360,1,Urban,Y
1002,Male,Yes,1,Graduate,No,4583,1508,128,360,1,Rural,N
1003,Male,Yes,0,Graduate,Yes,3000,0,66,360,1,Urban,Y
1004,Male,Yes,0,Not Graduate,No,2583,2358,120,360,1,Urban,Y
1005,Male,No,0,Graduate,No,6000,0,141,360,1,Urban,Y
1006,Male,Yes,2,Graduate,Yes,5417,4196,267,360,1,Urban,Y
1007,Male,Yes,0,Not Graduate,No,2333,1516,95,360,1,Urban,Y
1008,Male,Yes,3+,Graduate,No,3036,2504,158,360,0,Semiurban,N
1009,Male,Yes,2,Graduate,No,4006,1526,168,360,1,Urban,Y
1010,Male,Yes,1,Graduate,No,12841,10968,349,360,1,Semiurban,N
1011,Male,Yes,2,Graduate,No,3200,700,70,360,1,Urban,Y
1012,Male,Yes,2,Graduate,,2500,1840,109,360,1,Urban,Y
1013,Male,Yes,2,Graduate,No,3073,8106,200,360,1,Urban,Y
1014,Male,No,0,Graduate,No,1853,2840,114,360,1,Rural,N
1015,Male,Yes,2,Graduate,No,1299,1086,17,120,1,Urban,Y
1016,Male,No,0,Graduate,No,4950,0,125,360,1,Urban,Y
1017,Male,No,1,Not Graduate,No,3596,0,100,240,,Urban,Y
1018,Female,No,0,Graduate,No,3510,0,76,360,0,Urban,N
1019,Male,Yes,0,Not Graduate,No,4887,0,133,360,1,Rural,N
1020,Male,Yes,0,Graduate,,2600,3500,115,,1,Urban,Y
1021,Male,Yes,0,Not Graduate,No,7660,0,104,360,0,Urban,N
1022,Male,Yes,1,Graduate,No,5955,5625,315,360,1,Urban,Y
1023,Male,Yes,0,Not Graduate,No,2600,1911,116,360,0,Semiurban,N
1024,,Yes,2,Not Graduate,No,3365,1917,112,360,0,Rural,N
1025,Male,Yes,1,Graduate,,3717,2925,151,360,,Semiurban,N
1026,Male,Yes,0,Graduate,Yes,9560,0,191,360,1,Semiurban,Y
1027,Male,Yes,0,Graduate,No,2799,2253,122,360,1,Semiurban,Y
1028,Male,Yes,2,Not Graduate,No,4226,1040,110,360,1,Urban,Y
1029,Male,No,0,Not Graduate,No,1442,0,35,360,1,Urban,N
1030,Female,No,2,Graduate,,3750,2083,120,360,1,Semiurban,Y
1031,Male,Yes,1,Graduate,,4166,3369,201,360,,Urban,N
1032,Male,No,0,Graduate,No,3167,0,74,360,1,Urban,N
1033,Male,No,1,Graduate,Yes,4692,0,106,360,1,Rural,N
1034,Male,Yes,0,Graduate,No,3500,1667,114,360,1,Semiurban,Y
1035,Male,No,3+,Graduate,No,12500,3000,320,360,1,Rural,N
1036,Male,Yes,0,Graduate,No,2275,2067,,360,1,Urban,Y
1037,Male,Yes,0,Graduate,No,1828,1330,100,,0,Urban,N
1038,Female,Yes,0,Graduate,No,3667,1459,144,360,1,Semiurban,Y
1039,Male,No,0,Graduate,No,4166,7210,184,360,1,Urban,Y
1040,Male,No,0,Not Graduate,No,3748,1668,110,360,1,Semiurban,Y
1041,Male,No,0,Graduate,No,3600,0,80,360,1,Urban,N
1042,Male,No,0,Graduate,No,1800,1213,47,360,1,Urban,Y
1043,Male,Yes,0,Graduate,No,2400,0,75,360,,Urban,Y
1044,Male,Yes,0,Graduate,No,3941,2336,134,360,1,Semiurban,Y
1045,Male,Yes,0,Not Graduate,Yes,4695,0,96,,1,Urban,Y
1046,Female,No,0,Graduate,No,3410,0,88,,1,Urban,Y
1047,Male,Yes,1,Graduate,No,5649,0,44,360,1,Urban,Y
1048,Male,Yes,0,Graduate,No,5821,0,144,360,1,Urban,Y
1049,Female,Yes,0,Graduate,No,2645,3440,120,360,0,Urban,N
1050,Female,No,0,Graduate,No,4000,2275,144,360,1,Semiurban,Y
1051,Female,Yes,0,Not Graduate,No,1928,1644,100,360,1,Semiurban,Y
1052,Female,No,0,Graduate,No,3086,0,120,360,1,Semiurban,Y
1053,Female,No,0,Graduate,No,4230,0,112,360,1,Semiurban,N
1054,Male,Yes,2,Graduate,No,4616,0,134,360,1,Urban,N
1055,Female,Yes,1,Graduate,Yes,11500,0,286,360,0,Urban,N
1056,Male,Yes,2,Graduate,No,2708,1167,97,360,1,Semiurban,Y
1057,Male,Yes,0,Graduate,No,2132,1591,96,360,1,Semiurban,Y
1058,Male,Yes,0,Graduate,No,3366,2200,135,360,1,Rural,N
1059,Male,Yes,1,Graduate,No,8080,2250,180,360,1,Urban,Y
1060,Male,Yes,2,Not Graduate,No,3357,2859,144,360,1,Urban,Y
1061,Male,Yes,0,Graduate,No,2500,3796,120,360,1,Urban,Y
1062,Male,Yes,3+,Graduate,No,3029,0,99,360,1,Urban,Y
1063,Male,Yes,0,Not Graduate,Yes,2609,3449,165,180,0,Rural,N
1064,Male,Yes,1,Graduate,No,4945,0,,360,0,Rural,N
1065,Female,No,0,Graduate,No,4166,0,116,360,0,Semiurban,N
1066,Male,Yes,0,Graduate,No,5726,4595,258,360,1,Semiurban,N
1067,Male,No,0,Not Graduate,No,3200,2254,126,180,0,Urban,N
1068,Male,Yes,1,Graduate,No,10750,0,312,360,1,Urban,Y
1069,Male,Yes,3+,Not Graduate,Yes,7100,0,125,60,1,Urban,Y
1070,Female,No,0,Graduate,No,4300,0,136,360,0,Semiurban,N
1071,Male,Yes,0,Graduate,No,3208,3066,172,360,1,Urban,Y
1072,Male,Yes,2,Not Graduate,Yes,1875,1875,97,360,1,Semiurban,Y
1073,Male,No,0,Graduate,No,3500,0,81,300,1,Semiurban,Y
1074,Male,Yes,3+,Not Graduate,No,4755,0,95,,0,Semiurban,N
1075,Male,Yes,3+,Graduate,Yes,5266,1774,187,360,1,Semiurban,Y
1076,Male,No,0,Graduate,No,3750,0,113,480,1,Urban,N
1077,Male,No,0,Graduate,No,3750,4750,176,360,1,Urban,N
1078,Male,Yes,1,Graduate,Yes,1000,3022,110,360,1,Urban,N
1079,Male,Yes,3+,Graduate,No,3167,4000,180,300,0,Semiurban,N
1080,Male,Yes,3+,Not Graduate,Yes,3333,2166,130,360,,Semiurban,Y
1081,Female,No,0,Graduate,No,3846,0,111,360,1,Semiurban,Y
1082,Male,Yes,1,Graduate,Yes,2395,0,,360,1,Semiurban,Y
1083,Female,Yes,2,Graduate,No,1378,1881,167,360,1,Urban,N
1084,Male,Yes,0,Graduate,No,6000,2250,265,360,,Semiurban,N
1085,Male,Yes,1,Graduate,No,3988,0,50,240,1,Urban,Y
1086,Male,No,0,Graduate,No,2366,2531,136,360,1,Semiurban,Y
1087,Male,Yes,2,Not Graduate,No,3333,2000,99,360,,Semiurban,Y
1088,Male,Yes,0,Graduate,No,2500,2118,104,360,1,Semiurban,Y
1089,Male,No,0,Graduate,No,8566,0,210,360,1,Urban,Y
1090,Male,Yes,0,Graduate,No,5695,4167,175,360,1,Semiurban,Y
1091,Male,Yes,0,Graduate,No,2958,2900,131,360,1,Semiurban,Y
1092,Male,Yes,2,Graduate,No,6250,5654,188,180,1,Semiurban,Y
1093,Male,Yes,2,Not Graduate,No,3273,1820,81,360,1,Urban,Y
1094,Male,No,0,Graduate,No,4133,0,122,360,1,Semiurban,Y
1095,Male,No,0,Not Graduate,No,3620,0,25,120,1,Semiurban,Y
1096,Male,No,0,Graduate,,6782,0,,360,,Urban,N
1097,Female,Yes,0,Graduate,No,2484,2302,137,360,1,Semiurban,Y
1098,Male,Yes,0,Graduate,No,1977,997,50,360,1,Semiurban,Y
1099,Male,Yes,0,Not Graduate,No,4188,0,115,180,1,Semiurban,Y
1100,Male,Yes,0,Graduate,No,1759,3541,131,360,1,Semiurban,Y
1101,Male,Yes,2,Not Graduate,No,4288,3263,133,180,1,Urban,Y
1102,Male,No,0,Graduate,No,4843,3806,151,360,1,Semiurban,Y
1103,Male,Yes,,Graduate,No,13650,0,,360,1,Urban,Y
1104,Male,Yes,0,Graduate,No,4652,3583,,360,1,Semiurban,Y
1105,Male,,,Graduate,No,3816,754,160,360,1,Urban,Y
1106,Male,Yes,1,Graduate,No,3052,1030,100,360,1,Urban,Y
1107,Male,Yes,2,Graduate,No,11417,1126,225,360,1,Urban,Y
1108,Male,No,0,Not Graduate,,7333,0,120,360,1,Rural,N
1109,Male,Yes,2,Graduate,No,3800,3600,216,360,0,Urban,N
1110,Male,Yes,3+,Not Graduate,No,2071,754,94,480,1,Semiurban,Y
1111,Male,No,0,Graduate,No,5316,0,136,360,1,Urban,Y
1112,Female,Yes,0,Graduate,,2929,2333,139,360,1,Semiurban,Y
1113,Male,Yes,0,Not Graduate,No,3572,4114,152,,0,Rural,N
1114,Female,No,1,Graduate,Yes,7451,0,,360,1,Semiurban,Y
1115,Male,No,0,Graduate,,5050,0,118,360,1,Semiurban,Y
1116,Male,Yes,1,Graduate,No,14583,0,185,180,1,Rural,Y
1117,Female,Yes,0,Graduate,No,3167,2283,154,360,1,Semiurban,Y
1118,Male,Yes,1,Graduate,No,2214,1398,85,360,,Urban,Y
1119,Male,Yes,0,Graduate,No,5568,2142,175,360,1,Rural,N
1120,Female,No,0,Graduate,No,10408,0,259,360,1,Urban,Y
1121,Male,Yes,,Graduate,No,5667,2667,180,360,1,Rural,Y
1122,Female,No,0,Graduate,No,4166,0,44,360,1,Semiurban,Y
1123,Female,No,0,Graduate,No,2137,8980,137,360,0,Semiurban,Y
1124,Male,Yes,2,Graduate,No,2957,0,81,360,1,Semiurban,Y
1125,Male,Yes,0,Not Graduate,No,4300,2014,194,360,1,Rural,Y
1126,Female,No,0,Graduate,No,3692,0,93,360,,Rural,Y
1127,,Yes,3+,Graduate,No,23803,0,370,360,1,Rural,Y
1128,Male,No,0,Graduate,No,3865,1640,,360,1,Rural,Y
1129,Male,Yes,1,Graduate,Yes,10513,3850,160,180,0,Urban,N
1130,Male,Yes,0,Graduate,No,6080,2569,182,360,,Rural,N
1131,Male,No,0,Graduate,Yes,20166,0,650,480,,Urban,Y
1132,Male,No,0,Graduate,No,2014,1929,74,360,1,Urban,Y
1133,Male,No,0,Graduate,No,2718,0,70,360,1,Semiurban,Y
1134,Male,Yes,0,Graduate,Yes,3459,0,25,120,1,Semiurban,Y
1135,Male,No,0,Graduate,No,4895,0,102,360,1,Semiurban,Y
1136,Male,Yes,3+,Graduate,No,4000,7750,290,360,1,Semiurban,N
1137,Female,Yes,0,Graduate,No,4583,0,84,360,1,Rural,N
1138,Male,Yes,2,Graduate,Yes,3316,3500,88,360,1,Urban,Y
1139,Male,No,0,Graduate,No,14999,0,242,360,0,Semiurban,N
1140,Male,Yes,2,Not Graduate,No,4200,1430,129,360,1,Rural,N
1141,Male,Yes,2,Graduate,No,5042,2083,185,360,1,Rural,N
1142,Male,No,0,Graduate,No,5417,0,168,360,1,Urban,Y
1143,Male,No,0,Graduate,Yes,6950,0,175,180,1,Semiurban,Y
1144,Male,Yes,0,Graduate,No,2698,2034,122,360,1,Semiurban,Y
1145,Male,Yes,2,Graduate,No,11757,0,187,180,1,Urban,Y
1146,Female,Yes,0,Graduate,No,2330,4486,100,360,1,Semiurban,Y
1147,Female,Yes,2,Graduate,No,14866,0,70,360,1,Urban,Y
1148,Male,Yes,1,Graduate,No,1538,1425,30,360,1,Urban,Y
1149,Female,No,0,Graduate,No,10000,1666,225,360,1,Rural,N
1150,Male,Yes,0,Graduate,No,4860,830,125,360,1,Semiurban,Y
1151,Male,No,0,Graduate,No,6277,0,118,360,0,Rural,N
1152,Male,Yes,0,Graduate,Yes,2577,3750,152,360,1,Rural,Y
1153,Male,No,0,Graduate,No,9166,0,244,360,1,Urban,N
1154,Male,Yes,2,Not Graduate,No,2281,0,113,360,1,Rural,N
1155,Male,No,0,Graduate,No,3254,0,50,360,1,Urban,Y
1156,Male,Yes,3+,Graduate,No,39999,0,600,180,0,Semiurban,Y
1157,Male,Yes,1,Graduate,No,6000,0,160,360,,Rural,Y
1158,Male,Yes,1,Graduate,No,9538,0,187,360,1,Urban,Y
1159,Male,No,0,Graduate,,2980,2083,120,360,1,Rural,Y
1160,Male,Yes,0,Graduate,No,4583,5625,255,360,1,Semiurban,Y
1161,Male,Yes,0,Not Graduate,No,1863,1041,98,360,1,Semiurban,Y
1162,Male,Yes,0,Graduate,No,7933,0,275,360,1,Urban,N
1163,Male,Yes,1,Graduate,No,3089,1280,121,360,0,Semiurban,N
1164,Male,Yes,2,Graduate,No,4167,1447,158,360,1,Rural,Y
1165,Male,Yes,0,Graduate,No,9323,0,75,180,1,Urban,Y
1166,Male,Yes,0,Graduate,No,3707,3166,182,,1,Rural,Y
1167,Female,Yes,0,Graduate,No,4583,0,112,360,1,Rural,N
1168,Male,Yes,0,Graduate,No,2439,3333,129,360,1,Rural,Y
1169,Male,No,0,Graduate,No,2237,0,63,480,0,Semiurban,N
1170,Male,Yes,2,Graduate,No,8000,0,200,360,1,Semiurban,Y
1171,Male,Yes,0,Not Graduate,,1820,1769,95,360,1,Rural,Y
1172,,Yes,3+,Graduate,No,51763,0,700,300,1,Urban,Y
1173,Male,Yes,3+,Not Graduate,No,3522,0,81,180,1,Rural,N
1174,Male,Yes,0,Graduate,No,5708,5625,187,360,1,Semiurban,Y
1175,Male,Yes,0,Not Graduate,Yes,4344,736,87,360,1,Semiurban,N
1176,Male,Yes,0,Graduate,No,3497,1964,116,360,1,Rural,Y
1177,Male,Yes,2,Graduate,No,2045,1619,101,360,1,Rural,Y
1178,Male,Yes,3+,Graduate,No,5516,11300,495,360,0,Semiurban,N
1179,Male,Yes,1,Graduate,No,3750,0,116,360,1,Semiurban,Y
1180,Male,No,0,Not Graduate,No,2333,1451,102,480,0,Urban,N
1181,Male,Yes,1,Graduate,No,6400,7250,180,360,0,Urban,N
1182,Male,No,0,Graduate,No,1916,5063,67,360,,Rural,N
1183,Male,Yes,0,Graduate,No,4600,0,73,180,1,Semiurban,Y
1184,Male,Yes,1,Graduate,No,33846,0,260,360,1,Semiurban,N
1185,Female,Yes,0,Graduate,No,3625,0,108,360,1,Semiurban,Y
1186,Male,Yes,0,Graduate,Yes,39147,4750,120,360,1,Semiurban,Y
1187,Male,Yes,1,Graduate,Yes,2178,0,66,300,0,Rural,N
1188,Male,Yes,0,Graduate,No,2383,2138,58,360,,Rural,Y
1189,,Yes,0,Graduate,Yes,674,5296,168,360,1,Rural,Y
1190,Male,Yes,0,Graduate,No,9328,0,188,180,1,Rural,Y
1191,Male,No,0,Not Graduate,No,4885,0,48,360,1,Rural,Y
1192,Male,No,0,Graduate,No,12000,0,164,360,1,Semiurban,N
1193,Male,Yes,0,Not Graduate,No,6033,0,160,360,1,Urban,N
1194,Male,No,0,Graduate,No,3858,0,76,360,1,Semiurban,Y
1195,Male,No,0,Graduate,No,4191,0,120,360,1,Rural,Y
1196,Male,Yes,1,Graduate,No,3125,2583,170,360,1,Semiurban,N
1197,Male,No,0,Graduate,No,8333,3750,187,360,1,Rural,Y
1198,Female,No,0,Not Graduate,No,1907,2365,120,,1,Urban,Y
1199,Female,Yes,0,Graduate,No,3416,2816,113,360,,Semiurban,Y
1200,Male,No,0,Graduate,Yes,11000,0,83,360,1,Urban,N
1201,Male,Yes,1,Not Graduate,No,2600,2500,90,360,1,Semiurban,Y
1202,Male,No,2,Graduate,No,4923,0,166,360,0,Semiurban,Y
1203,Male,Yes,3+,Not Graduate,No,3992,0,,180,1,Urban,N
1204,Male,Yes,1,Not Graduate,No,3500,1083,135,360,1,Urban,Y
1205,Male,Yes,2,Not Graduate,No,3917,0,124,360,1,Semiurban,Y
1206,Female,No,0,Not Graduate,No,4408,0,120,360,1,Semiurban,Y
1207,Female,No,0,Graduate,No,3244,0,80,360,1,Urban,Y
1208,Male,No,0,Not Graduate,No,3975,2531,55,360,1,Rural,Y
1209,Male,No,0,Graduate,No,2479,0,59,360,1,Urban,Y
1210,Male,No,0,Graduate,No,3418,0,127,360,1,Semiurban,N
1211,Female,No,0,Graduate,No,10000,0,214,360,1,Semiurban,N
1212,Male,Yes,3+,Graduate,No,3430,1250,128,360,0,Semiurban,N
1213,Male,Yes,1,Graduate,Yes,7787,0,240,360,1,Urban,Y
1214,Male,Yes,3+,Not Graduate,Yes,5703,0,130,360,1,Rural,Y
1215,Male,Yes,0,Graduate,No,3173,3021,137,360,1,Urban,Y
1216,Male,Yes,3+,Not Graduate,No,3850,983,100,360,1,Semiurban,Y
1217,Male,Yes,0,Graduate,No,150,1800,135,360,1,Rural,N
1218,Male,Yes,0,Graduate,No,3727,1775,131,360,1,Semiurban,Y
1219,Male,Yes,2,Graduate,,5000,0,72,360,0,Semiurban,N
1220,Female,Yes,2,Graduate,No,4283,2383,127,360,,Semiurban,Y
1221,Male,Yes,0,Graduate,No,2221,0,60,360,0,Urban,N
1222,Male,Yes,2,Graduate,No,4009,1717,116,360,1,Semiurban,Y
1223,Male,No,0,Graduate,No,2971,2791,144,360,1,Semiurban,Y
1224,Male,Yes,0,Graduate,No,7578,1010,175,,1,Semiurban,Y
1225,Male,Yes,0,Graduate,No,6250,0,128,360,1,Semiurban,Y
1226,Male,Yes,0,Graduate,No,3250,0,170,360,1,Rural,N
1227,Male,Yes,,Not Graduate,Yes,4735,0,138,360,1,Urban,N
1228,Male,Yes,2,Graduate,No,6250,1695,210,360,1,Semiurban,Y
1229,Male,,,Graduate,No,4758,0,158,480,1,Semiurban,Y
1230,Male,No,0,Graduate,Yes,6400,0,200,360,1,Rural,Y
1231,Male,Yes,1,Graduate,No,2491,2054,104,360,1,Semiurban,Y
1232,Male,Yes,0,Graduate,,3716,0,42,180,1,Rural,Y
1233,Male,No,0,Not Graduate,No,3189,2598,120,,1,Rural,Y
1234,Female,No,0,Graduate,No,8333,0,280,360,1,Semiurban,Y
1235,Male,Yes,1,Graduate,No,3155,1779,140,360,1,Semiurban,Y
1236,Male,Yes,1,Graduate,No,5500,1260,170,360,1,Rural,Y
1237,Male,Yes,0,Graduate,,5746,0,255,360,,Urban,N
1238,Female,No,0,Graduate,Yes,3463,0,122,360,,Urban,Y
1239,Female,No,1,Graduate,No,3812,0,112,360,1,Rural,Y
1240,Male,Yes,1,Graduate,No,3315,0,96,360,1,Semiurban,Y
1241,Male,Yes,2,Graduate,No,5819,5000,120,360,1,Rural,Y
1242,Male,Yes,1,Not Graduate,No,2510,1983,140,180,1,Urban,N
1243,Male,No,0,Graduate,No,2965,5701,155,60,1,Urban,Y
1244,Male,Yes,2,Graduate,Yes,6250,1300,108,360,1,Rural,Y
1245,Male,Yes,0,Not Graduate,No,3406,4417,123,360,1,Semiurban,Y
1246,Male,No,0,Graduate,Yes,6050,4333,120,180,1,Urban,N
1247,Male,Yes,2,Graduate,No,9703,0,112,360,1,Urban,Y
1248,Male,Yes,1,Not Graduate,No,6608,0,137,180,1,Urban,Y
1249,Male,Yes,1,Graduate,No,2882,1843,123,480,1,Semiurban,Y
1250,Male,Yes,0,Graduate,No,1809,1868,90,360,1,Urban,Y
1251,Male,Yes,0,Not Graduate,No,1668,3890,201,360,0,Semiurban,N
1252,Female,No,2,Graduate,No,3427,0,138,360,1,Urban,N
1253,Male,No,0,Not Graduate,Yes,2583,2167,104,360,1,Rural,Y
1254,Male,Yes,1,Not Graduate,No,2661,7101,279,180,1,Semiurban,Y
1255,Male,No,0,Graduate,Yes,16250,0,192,360,0,Urban,N
1256,Female,No,3+,Graduate,No,3083,0,255,360,1,Rural,Y
1257,Male,No,0,Not Graduate,No,6045,0,115,360,0,Rural,N
1258,Male,Yes,3+,Graduate,No,5250,0,94,360,1,Urban,N
1259,Male,Yes,0,Graduate,No,14683,2100,304,360,1,Rural,N
1260,Male,Yes,3+,Not Graduate,No,4931,0,128,360,,Semiurban,N
1261,Male,Yes,1,Graduate,No,6083,4250,330,360,,Urban,Y
1262,Male,No,0,Graduate,No,2060,2209,134,360,1,Semiurban,Y
1263,Female,No,1,Graduate,No,3481,0,155,36,1,Semiurban,N
1264,Female,No,0,Graduate,No,7200,0,120,360,1,Rural,Y
1265,Male,No,0,Graduate,Yes,5166,0,128,360,1,Semiurban,Y
1266,Male,No,0,Graduate,No,4095,3447,151,360,1,Rural,Y
1267,Male,Yes,2,Graduate,No,4708,1387,150,360,1,Semiurban,Y
1268,Male,Yes,3+,Graduate,No,4333,1811,160,360,0,Urban,Y
1269,Female,No,0,Graduate,,3418,0,135,360,1,Rural,N
1270,Female,No,1,Graduate,No,2876,1560,90,360,1,Urban,Y
1271,Female,No,0,Graduate,No,3237,0,30,360,1,Urban,Y
1272,Male,Yes,0,Graduate,No,11146,0,136,360,1,Urban,Y
1273,Male,No,0,Graduate,No,2833,1857,126,360,1,Rural,Y
1274,Male,Yes,0,Graduate,No,2620,2223,150,360,1,Semiurban,Y
1275,Male,Yes,2,Graduate,No,3900,0,90,360,1,Semiurban,Y
1276,Male,Yes,1,Graduate,No,2750,1842,115,360,1,Semiurban,Y
1277,Male,Yes,0,Graduate,No,3993,3274,207,360,1,Semiurban,Y
1278,Male,Yes,0,Graduate,No,3103,1300,80,360,1,Urban,Y
1279,Male,Yes,0,Graduate,No,14583,0,436,360,1,Semiurban,Y
1280,Female,Yes,0,Not Graduate,No,4100,0,124,360,,Rural,Y
1281,Male,No,1,Not Graduate,Yes,4053,2426,158,360,0,Urban,N
1282,Male,Yes,0,Graduate,No,3927,800,112,360,1,Semiurban,Y
1283,Male,Yes,2,Graduate,No,2301,985.7999878,78,180,1,Urban,Y
1284,Female,No,0,Graduate,No,1811,1666,54,360,1,Urban,Y
1285,Male,Yes,0,Graduate,No,20667,0,,360,1,Rural,N
1286,Male,No,0,Graduate,No,3158,3053,89,360,1,Rural,Y
1287,Female,No,0,Graduate,Yes,2600,1717,99,300,1,Semiurban,N
1288,Male,Yes,0,Graduate,No,3704,2000,120,360,1,Rural,Y
1289,Female,No,0,Graduate,No,4124,0,115,360,1,Semiurban,Y
1290,Male,No,0,Graduate,No,9508,0,187,360,1,Rural,Y
1291,Male,Yes,0,Graduate,No,3075,2416,139,360,1,Rural,Y
1292,Male,Yes,2,Graduate,No,4400,0,127,360,0,Semiurban,N
1293,Male,Yes,2,Graduate,No,3153,1560,134,360,1,Urban,Y
1294,Female,No,,Graduate,No,5417,0,143,480,0,Urban,N
1295,Male,Yes,0,Graduate,No,2383,3334,172,360,1,Semiurban,Y
1296,Male,Yes,3+,Graduate,,4416,1250,110,360,1,Urban,Y
1297,Male,Yes,1,Graduate,No,6875,0,200,360,1,Semiurban,Y
1298,Female,Yes,1,Graduate,No,4666,0,135,360,1,Urban,Y
1299,Female,No,0,Graduate,No,5000,2541,151,480,1,Rural,N
1300,Male,Yes,1,Graduate,No,2014,2925,113,360,1,Urban,N
1301,Male,Yes,0,Not Graduate,No,1800,2934,93,360,0,Urban,N
1302,Male,Yes,,Not Graduate,No,2875,1750,105,360,1,Semiurban,Y
1303,Female,No,0,Graduate,No,5000,0,132,360,1,Rural,Y
1304,Male,Yes,1,Graduate,No,1625,1803,96,360,1,Urban,Y
1305,Male,No,0,Graduate,No,4000,2500,140,360,1,Rural,Y
1306,Male,No,0,Not Graduate,No,2000,0,,360,1,Urban,N
1307,Female,No,0,Graduate,No,3762,1666,135,360,1,Rural,Y
1308,Female,No,0,Graduate,No,2400,1863,104,360,0,Urban,N
1309,Male,No,0,Graduate,No,20233,0,480,360,1,Rural,N
1310,Male,Yes,2,Not Graduate,No,7667,0,185,360,,Rural,Y
1311,Female,No,0,Graduate,No,2917,0,84,360,1,Semiurban,Y
1312,Male,No,0,Not Graduate,No,2927,2405,111,360,1,Semiurban,Y
1313,Female,No,0,Graduate,No,2507,0,56,360,1,Rural,Y
1314,Male,Yes,2,Graduate,Yes,5746,0,144,84,,Rural,Y
1315,,Yes,0,Graduate,No,2473,1843,159,360,1,Rural,N
1316,Male,Yes,1,Not Graduate,No,3399,1640,111,180,1,Urban,Y
1317,Male,Yes,2,Graduate,No,3717,0,120,360,1,Semiurban,Y
1318,Male,Yes,0,Graduate,No,2058,2134,88,360,,Urban,Y
1319,Female,No,1,Graduate,No,3541,0,112,360,,Semiurban,Y
1320,Male,Yes,1,Graduate,Yes,10000,0,155,360,1,Rural,N
1321,Male,Yes,0,Graduate,No,2400,2167,115,360,1,Semiurban,Y
1322,Male,Yes,3+,Graduate,No,4342,189,124,360,1,Semiurban,Y
1323,Male,Yes,2,Not Graduate,No,3601,1590,,360,1,Rural,Y
1324,Female,No,0,Graduate,No,3166,2985,132,360,,Rural,Y
1325,Male,Yes,3+,Graduate,No,15000,0,300,360,1,Rural,Y
1326,Male,Yes,1,Graduate,Yes,8666,4983,376,360,0,Rural,N
1327,Male,No,0,Graduate,No,4917,0,130,360,0,Rural,Y
1328,Male,Yes,0,Graduate,Yes,5818,2160,184,360,1,Semiurban,Y
1329,Female,Yes,0,Graduate,No,4333,2451,110,360,1,Urban,N
1330,Female,No,0,Graduate,No,2500,0,67,360,1,Urban,Y
1331,Male,No,1,Graduate,No,4384,1793,117,360,1,Urban,Y
1332,Male,No,0,Graduate,No,2935,0,98,360,1,Semiurban,Y
1333,Male,No,,Graduate,No,2833,0,71,360,1,Urban,Y
1334,Male,Yes,0,Graduate,,63337,0,490,180,1,Urban,Y
1335,,Yes,1,Graduate,Yes,9833,1833,182,180,1,Urban,Y
1336,Male,Yes,,Graduate,Yes,5503,4490,70,,1,Semiurban,Y
1337,Male,Yes,1,Graduate,,5250,688,160,360,1,Rural,Y
1338,Male,Yes,2,Graduate,Yes,2500,4600,176,360,1,Rural,Y
1339,Female,No,3+,Not Graduate,No,1830,0,,360,0,Urban,N
1340,Female,No,0,Graduate,No,4160,0,71,360,1,Semiurban,Y
1341,Male,Yes,3+,Not Graduate,No,2647,1587,173,360,1,Rural,N
1342,Female,No,0,Graduate,No,2378,0,46,360,1,Rural,N
1343,Male,Yes,1,Not Graduate,No,4554,1229,158,360,1,Urban,Y
1344,Male,Yes,3+,Not Graduate,No,3173,0,74,360,1,Semiurban,Y
1345,Male,Yes,2,Graduate,,2583,2330,125,360,1,Rural,Y
1346,Male,Yes,0,Graduate,No,2499,2458,160,360,1,Semiurban,Y
1347,Male,Yes,,Not Graduate,No,3523,3230,152,360,0,Rural,N
1348,Male,Yes,2,Not Graduate,No,3083,2168,126,360,1,Urban,Y
1349,Male,Yes,0,Graduate,No,6333,4583,259,360,,Semiurban,Y
1350,Male,Yes,0,Graduate,No,2625,6250,187,360,1,Rural,Y
1351,Male,Yes,0,Graduate,No,9083,0,228,360,1,Semiurban,Y
1352,Male,No,0,Graduate,No,8750,4167,308,360,1,Rural,N
1353,Male,Yes,3+,Graduate,No,2666,2083,95,360,1,Rural,Y
1354,Female,Yes,0,Graduate,Yes,5500,0,105,360,0,Rural,N
1355,Female,Yes,0,Graduate,No,2423,505,130,360,1,Semiurban,Y
1356,Female,No,,Graduate,No,3813,0,116,180,1,Urban,Y
1357,Male,Yes,2,Graduate,No,8333,3167,165,360,1,Rural,Y
1358,Male,Yes,1,Graduate,No,3875,0,67,360,1,Urban,N
1359,Male,Yes,0,Not Graduate,No,3000,1666,100,480,0,Urban,N
1360,Male,Yes,3+,Graduate,No,5167,3167,200,360,1,Semiurban,Y
1361,Female,No,1,Graduate,No,4723,0,81,360,1,Semiurban,N
1362,Male,Yes,2,Graduate,No,5000,3667,236,360,1,Semiurban,Y
1363,Male,Yes,0,Graduate,No,4750,2333,130,360,1,Urban,Y
1364,Male,Yes,0,Graduate,No,3013,3033,95,300,,Urban,Y
1365,Male,No,0,Graduate,Yes,6822,0,141,360,1,Rural,Y
1366,Male,No,0,Not Graduate,No,6216,0,133,360,1,Rural,N
1367,Male,No,0,Graduate,No,2500,0,96,480,1,Semiurban,N
1368,Male,No,0,Graduate,No,5124,0,124,,0,Rural,N
1369,Male,Yes,1,Graduate,No,6325,0,175,360,1,Semiurban,Y
1370,Male,Yes,0,Graduate,No,19730,5266,570,360,1,Rural,N
1371,Female,No,0,Graduate,Yes,15759,0,55,360,1,Semiurban,Y
1372,Male,Yes,2,Graduate,No,5185,0,155,360,1,Semiurban,Y
1373,Male,Yes,2,Graduate,Yes,9323,7873,380,300,1,Rural,Y
1374,Male,No,1,Graduate,No,3062,1987,111,180,0,Urban,N
1375,Female,No,0,Graduate,,2764,1459,110,360,1,Urban,Y
1376,Male,Yes,0,Graduate,No,4817,923,120,180,1,Urban,Y
1377,Male,Yes,3+,Graduate,No,8750,4996,130,360,1,Rural,Y
1378,Male,Yes,0,Graduate,No,4310,0,130,360,,Semiurban,Y
1379,Male,No,0,Graduate,No,3069,0,71,480,1,Urban,N
1380,Male,Yes,2,Graduate,No,5391,0,130,360,1,Urban,Y
1381,Male,Yes,0,Graduate,,3333,2500,128,360,1,Semiurban,Y
1382,Male,No,0,Graduate,No,5941,4232,296,360,1,Semiurban,Y
1383,Female,No,0,Graduate,No,6000,0,156,360,1,Urban,Y
1384,Male,No,0,Graduate,Yes,7167,0,128,360,1,Urban,Y
1385,Male,Yes,2,Graduate,No,4566,0,100,360,1,Urban,N
1386,Male,No,1,Graduate,,3667,0,113,180,1,Urban,Y
1387,Male,No,0,Not Graduate,No,2346,1600,132,360,1,Semiurban,Y
1388,Male,Yes,0,Not Graduate,No,3010,3136,,360,0,Urban,N
1389,Male,Yes,0,Graduate,No,2333,2417,136,360,1,Urban,Y
1390,Male,Yes,0,Graduate,No,5488,0,125,360,1,Rural,Y
1391,Male,No,3+,Graduate,No,9167,0,185,360,1,Rural,Y
1392,Male,Yes,3+,Graduate,No,9504,0,275,360,1,Rural,Y
1393,Male,Yes,0,Graduate,No,2583,2115,120,360,,Urban,Y
1394,Male,Yes,2,Not Graduate,No,1993,1625,113,180,1,Semiurban,Y
1395,Male,Yes,2,Graduate,No,3100,1400,113,360,1,Urban,Y
1396,Male,Yes,2,Graduate,No,3276,484,135,360,,Semiurban,Y
1397,Female,No,0,Graduate,No,3180,0,71,360,0,Urban,N
1398,Male,Yes,0,Graduate,No,3033,1459,95,360,1,Urban,Y
1399,Male,No,0,Not Graduate,No,3902,1666,109,360,1,Rural,Y
1400,Female,No,0,Graduate,No,1500,1800,103,360,0,Semiurban,N
1401,Male,Yes,2,Not Graduate,No,2889,0,45,180,0,Urban,N
1402,Male,No,0,Not Graduate,No,2755,0,65,300,1,Rural,N
1403,Male,No,0,Graduate,No,2500,20000,103,360,1,Semiurban,Y
1404,Female,No,0,Not Graduate,No,1963,0,53,360,1,Semiurban,Y
1405,Female,No,0,Graduate,Yes,7441,0,194,360,1,Rural,N
1406,Female,No,0,Graduate,No,4547,0,115,360,1,Semiurban,Y
1407,Male,Yes,0,Not Graduate,No,2167,2400,115,360,1,Urban,Y
1408,Female,No,0,Not Graduate,No,2213,0,66,360,1,Rural,Y
1409,Male,Yes,1,Graduate,No,8300,0,152,300,0,Semiurban,N
1410,Male,Yes,3+,Graduate,No,81000,0,360,360,0,Rural,N
1411,Female,No,1,Not Graduate,Yes,3867,0,62,360,1,Semiurban,N
1412,Male,Yes,0,Graduate,,6256,0,160,360,,Urban,Y
1413,Male,Yes,0,Not Graduate,No,6096,0,218,360,0,Rural,N
1414,Male,Yes,0,Not Graduate,No,2253,2033,110,360,1,Rural,Y
1415,Female,Yes,0,Not Graduate,No,2149,3237,178,360,0,Semiurban,N
1416,Female,No,0,Graduate,No,2995,0,60,360,1,Urban,Y
1417,Female,No,1,Graduate,No,2600,0,160,360,1,Urban,N
1418,Male,Yes,2,Graduate,Yes,1600,20000,239,360,1,Urban,N
1419,Male,Yes,0,Graduate,No,1025,2773,112,360,1,Rural,Y
1420,Male,Yes,0,Graduate,No,3246,1417,138,360,1,Semiurban,Y
1421,Male,Yes,0,Graduate,No,5829,0,138,360,1,Rural,Y
1422,Female,No,0,Not Graduate,No,2720,0,80,,0,Urban,N
1423,Male,Yes,0,Graduate,No,1820,1719,100,360,1,Urban,Y
1424,Male,Yes,1,Graduate,No,7250,1667,110,,0,Urban,N
1425,Male,Yes,0,Graduate,No,14880,0,96,360,1,Semiurban,Y
1426,Male,Yes,0,Graduate,No,2666,4300,121,360,1,Rural,Y
1427,Female,No,1,Not Graduate,No,4606,0,81,360,1,Rural,N
1428,Male,Yes,2,Graduate,No,5935,0,133,360,1,Semiurban,Y
1429,Male,Yes,0,Graduate,No,2920,16.12000084,87,360,1,Rural,Y
1430,Male,No,0,Not Graduate,No,2717,0,60,180,1,Urban,Y
1431,Female,No,1,Graduate,Yes,8624,0,150,360,1,Semiurban,Y
1432,Male,No,0,Graduate,No,6500,0,105,360,0,Rural,N
1433,Male,No,0,Graduate,,12876,0,405,360,1,Semiurban,Y
1434,Male,Yes,0,Graduate,No,2425,2340,143,360,1,Semiurban,Y
1435,Male,No,0,Graduate,No,3750,0,100,360,1,Urban,Y
1436,Female,,,Graduate,No,10047,0,,240,1,Semiurban,Y
1437,Male,No,0,Graduate,No,1926,1851,50,360,1,Semiurban,Y
1438,Male,Yes,0,Graduate,No,2213,1125,,360,1,Urban,Y
1439,Male,No,0,Graduate,Yes,10416,0,187,360,0,Urban,N
1440,Female,Yes,0,Not Graduate,Yes,7142,0,138,360,1,Rural,Y
1441,Male,No,0,Graduate,No,3660,5064,187,360,1,Semiurban,Y
1442,Male,Yes,0,Graduate,No,7901,1833,180,360,1,Rural,Y
1443,Male,No,3+,Not Graduate,No,4707,1993,148,360,1,Semiurban,Y
1444,Male,No,1,Graduate,No,37719,0,152,360,1,Semiurban,Y
1445,Male,Yes,0,Graduate,No,7333,8333,175,300,,Rural,Y
1446,Male,Yes,1,Graduate,Yes,3466,1210,130,360,1,Rural,Y
1447,Male,Yes,2,Not Graduate,No,4652,0,110,360,1,Rural,Y
1448,Male,Yes,0,Graduate,,3539,1376,55,360,1,Rural,N
1449,Male,Yes,2,Graduate,No,3340,1710,150,360,0,Rural,N
1450,Male,No,1,Not Graduate,Yes,2769,1542,190,360,,Semiurban,N
1451,Male,Yes,2,Not Graduate,No,2309,1255,125,360,0,Rural,N
1452,Male,Yes,2,Not Graduate,No,1958,1456,60,300,,Urban,Y
1453,Male,Yes,0,Graduate,No,3948,1733,149,360,0,Rural,N
1454,Male,Yes,0,Graduate,No,2483,2466,90,180,0,Rural,Y
1455,Male,No,0,Graduate,Yes,7085,0,84,360,1,Semiurban,Y
1456,Male,Yes,2,Graduate,No,3859,0,96,360,1,Semiurban,Y
1457,Male,Yes,0,Graduate,No,4301,0,118,360,1,Urban,Y
1458,Male,Yes,0,Graduate,No,3708,2569,173,360,1,Urban,N
1459,Male,No,2,Graduate,No,4354,0,136,360,1,Rural,Y
1460,Male,Yes,0,Graduate,No,8334,0,160,360,1,Semiurban,N
1461,,Yes,0,Graduate,Yes,2083,4083,160,360,,Semiurban,Y
1462,Male,Yes,3+,Graduate,No,7740,0,128,180,1,Urban,Y
1463,Male,Yes,0,Graduate,No,3015,2188,153,360,1,Rural,Y
1464,Female,No,1,Not Graduate,,5191,0,132,360,1,Semiurban,Y
1465,Male,No,0,Graduate,No,4166,0,98,360,0,Semiurban,N
1466,Male,No,0,Graduate,No,6000,0,140,360,1,Rural,Y
1467,Male,Yes,3+,Not Graduate,No,2947,1664,70,180,0,Urban,N
1468,,Yes,0,Graduate,No,16692,0,110,360,1,Semiurban,Y
1469,Female,Yes,2,Not Graduate,,210,2917,98,360,1,Semiurban,Y
1470,Male,Yes,0,Graduate,No,4333,2451,110,360,1,Urban,N
1471,Male,Yes,1,Graduate,Yes,3450,2079,162,360,1,Semiurban,Y
1472,Male,Yes,1,Not Graduate,No,2653,1500,113,180,0,Rural,N
1473,Male,Yes,3+,Graduate,No,4691,0,100,360,1,Semiurban,Y
1474,Female,No,0,Graduate,Yes,2500,0,93,360,,Urban,Y
1475,Male,No,2,Graduate,No,5532,4648,162,360,1,Rural,Y
1476,Male,Yes,2,Graduate,Yes,16525,1014,150,360,1,Rural,Y
1477,Male,Yes,2,Graduate,No,6700,1750,230,300,1,Semiurban,Y
1478,,Yes,2,Graduate,No,2873,1872,132,360,0,Semiurban,N
1479,Male,Yes,1,Graduate,Yes,16667,2250,86,360,1,Semiurban,Y
1480,Male,Yes,2,Graduate,No,2947,1603,,360,1,Urban,N
1481,Female,No,0,Not Graduate,No,4350,0,154,360,1,Rural,Y
1482,Male,Yes,3+,Not Graduate,No,3095,0,113,360,1,Rural,Y
1483,Male,Yes,0,Graduate,No,2083,3150,128,360,1,Semiurban,Y
1484,Male,Yes,0,Graduate,No,10833,0,234,360,1,Semiurban,Y
1485,Male,Yes,2,Graduate,No,8333,0,246,360,1,Semiurban,Y
1486,Male,Yes,1,Not Graduate,No,1958,2436,131,360,1,Rural,Y
1487,Male,No,2,Graduate,No,3547,0,80,360,0,Rural,N
1488,Male,Yes,1,Graduate,No,18333,0,500,360,1,Urban,N
1489,Male,Yes,2,Graduate,Yes,4583,2083,160,360,1,Semiurban,Y
1490,Male,No,0,Graduate,No,2435,0,75,360,1,Urban,N
1491,Male,No,0,Not Graduate,No,2699,2785,96,360,,Semiurban,Y
1492,Male,Yes,1,Not Graduate,No,5333,1131,186,360,,Urban,Y
1493,Male,No,0,Not Graduate,No,3691,0,110,360,1,Rural,Y
1494,Female,No,0,Not Graduate,Yes,17263,0,225,360,1,Semiurban,Y
1495,Male,Yes,0,Graduate,No,3597,2157,119,360,0,Rural,N
1496,Female,Yes,1,Graduate,No,3326,913,105,84,1,Semiurban,Y
1497,Male,Yes,0,Not Graduate,No,2600,1700,107,360,1,Rural,Y
1498,Male,Yes,0,Graduate,No,4625,2857,111,12,,Urban,Y
1499,Male,Yes,1,Graduate,Yes,2895,0,95,360,1,Semiurban,Y
1500,Male,No,0,Graduate,No,6283,4416,209,360,0,Rural,N
1501,Female,No,0,Graduate,No,645,3683,113,480,1,Rural,Y
1502,Female,No,0,Graduate,No,3159,0,100,360,1,Semiurban,Y
1503,Male,Yes,2,Graduate,No,4865,5624,208,360,1,Semiurban,Y
1504,Male,Yes,1,Not Graduate,No,4050,5302,138,360,,Rural,N
1505,Male,Yes,0,Not Graduate,No,3814,1483,124,300,1,Semiurban,Y
1506,Male,Yes,2,Graduate,No,3510,4416,243,360,1,Rural,Y
1507,Male,Yes,0,Graduate,No,20833,6667,480,360,,Urban,Y
1508,,No,0,Graduate,No,3583,0,96,360,1,Urban,N
1509,Male,Yes,0,Graduate,Yes,2479,3013,188,360,1,Urban,Y
1510,Female,No,1,Graduate,No,13262,0,40,360,1,Urban,Y
1511,Male,No,0,Not Graduate,No,3598,1287,100,360,1,Rural,N
1512,Male,Yes,1,Graduate,No,6065,2004,250,360,1,Semiurban,Y
1513,Male,Yes,2,Graduate,No,3283,2035,148,360,1,Urban,Y
1514,Male,Yes,0,Graduate,No,2130,6666,70,180,1,Semiurban,N
1515,Male,No,0,Graduate,No,5815,3666,311,360,1,Rural,N
1516,Male,Yes,3+,Graduate,No,3466,3428,150,360,1,Rural,Y
1517,Female,Yes,2,Graduate,No,2031,1632,113,480,1,Semiurban,Y
1518,Male,Yes,,Not Graduate,No,3074,1800,123,360,0,Semiurban,N
1519,Male,No,0,Graduate,No,4683,1915,185,360,1,Semiurban,N
1520,Female,No,0,Not Graduate,No,3400,0,95,360,1,Rural,N
1521,Male,Yes,2,Not Graduate,No,2192,1742,45,360,1,Semiurban,Y
1522,Male,No,0,Graduate,No,2500,0,55,360,1,Semiurban,Y
1523,Male,Yes,3+,Graduate,Yes,5677,1424,100,360,1,Rural,Y
1524,Male,Yes,2,Graduate,Yes,7948,7166,480,360,1,Rural,Y
1525,Male,No,0,Graduate,No,4680,2087,,360,1,Semiurban,N
1526,Male,Yes,2,Graduate,Yes,17500,0,400,360,1,Rural,Y
1527,Male,Yes,0,Graduate,No,3775,0,110,360,1,Semiurban,Y
1528,Male,Yes,1,Not Graduate,No,5285,1430,161,360,0,Semiurban,Y
1529,Male,No,1,Not Graduate,No,2679,1302,94,360,1,Semiurban,Y
1530,Male,No,0,Not Graduate,No,6783,0,130,360,1,Semiurban,Y
1531,Male,Yes,0,Graduate,No,1025,5500,216,360,,Rural,Y
1532,Male,Yes,3+,Graduate,No,4281,0,100,360,1,Urban,Y
1533,Male,No,2,Graduate,No,3588,0,110,360,0,Rural,N
1534,Male,No,1,Graduate,No,11250,0,196,360,,Semiurban,N
1535,Female,No,0,Not Graduate,Yes,18165,0,125,360,1,Urban,Y
1536,Male,No,0,Not Graduate,,2550,2042,126,360,1,Rural,Y
1537,Male,Yes,0,Graduate,No,6133,3906,324,360,1,Urban,Y
1538,Male,No,2,Graduate,No,3617,0,107,360,1,Semiurban,Y
1539,Male,Yes,0,Not Graduate,No,2917,536,66,360,1,Rural,N
1540,Male,Yes,3+,Graduate,No,6417,0,157,180,1,Rural,Y
1541,Female,Yes,1,Graduate,No,4608,2845,140,180,1,Semiurban,Y
1542,Female,No,0,Graduate,No,2138,0,99,360,0,Semiurban,N
1543,Female,No,1,Graduate,,3652,0,95,360,1,Semiurban,Y
1544,Male,Yes,1,Not Graduate,No,2239,2524,128,360,1,Urban,Y
1545,Female,Yes,0,Not Graduate,No,3017,663,102,360,,Semiurban,Y
1546,Male,Yes,0,Graduate,No,2768,1950,155,360,1,Rural,Y
1547,Male,No,0,Not Graduate,No,3358,0,80,36,1,Semiurban,N
1548,Male,No,0,Graduate,No,2526,1783,145,360,1,Rural,Y
1549,Female,No,0,Graduate,No,5000,0,103,360,0,Semiurban,N
1550,Male,Yes,0,Graduate,No,2785,2016,110,360,1,Rural,Y
1551,Male,Yes,2,Graduate,Yes,6633,0,,360,0,Rural,N
1552,Male,Yes,1,Not Graduate,No,2492,2375,,360,1,Rural,Y
1553,Male,Yes,1,Graduate,No,3333,3250,158,360,1,Urban,Y
1554,Male,Yes,0,Not Graduate,No,2454,2333,181,360,0,Urban,N
1555,Male,Yes,0,Graduate,No,3593,4266,132,180,0,Rural,N
1556,Male,Yes,1,Graduate,No,5468,1032,26,360,1,Semiurban,Y
1557,Female,No,0,Graduate,No,2667,1625,84,360,,Urban,Y
1558,Male,Yes,3+,Graduate,Yes,10139,0,260,360,1,Semiurban,Y
1559,Male,Yes,0,Graduate,No,3887,2669,162,360,1,Semiurban,Y
1560,Female,Yes,0,Graduate,No,4180,2306,182,360,1,Semiurban,Y
1561,Male,Yes,2,Not Graduate,No,3675,242,108,360,1,Semiurban,Y
1562,Female,Yes,1,Graduate,Yes,19484,0,600,360,1,Semiurban,Y
1563,Male,Yes,0,Graduate,No,5923,2054,211,360,1,Rural,Y
1564,Male,No,0,Not Graduate,Yes,5800,0,132,360,1,Semiurban,Y
1565,Male,Yes,2,Graduate,No,8799,0,258,360,0,Urban,N
1566,Male,Yes,0,Not Graduate,No,4467,0,120,360,,Rural,Y
1567,Male,No,0,Graduate,No,3333,0,70,360,1,Urban,Y
1568,Male,Yes,3+,Graduate,No,3400,2500,123,360,0,Rural,N
1569,Female,No,0,Graduate,No,2378,0,9,360,1,Urban,N
1570,Male,Yes,0,Graduate,No,3166,2064,104,360,0,Urban,N
1571,Male,Yes,1,Graduate,No,3417,1750,186,360,1,Urban,Y
1572,Male,Yes,,Graduate,No,5116,1451,165,360,0,Urban,N
1573,Male,Yes,2,Graduate,No,16666,0,275,360,1,Urban,Y
1574,Male,Yes,2,Not Graduate,No,6125,1625,187,480,1,Semiurban,N
1575,Male,Yes,3+,Graduate,No,6406,0,150,360,1,Semiurban,N
1576,Male,Yes,2,Graduate,No,3159,461,108,84,1,Urban,Y
1577,,Yes,0,Graduate,No,3087,2210,136,360,0,Semiurban,N
1578,Male,No,0,Graduate,No,3229,2739,110,360,1,Urban,Y
1579,Male,Yes,1,Graduate,No,1782,2232,107,360,1,Rural,Y
1580,Male,No,0,Graduate,,3182,2917,161,360,1,Urban,Y
1581,Male,Yes,2,Graduate,No,6540,0,205,360,1,Semiurban,Y
1582,Male,No,0,Graduate,No,1836,33837,90,360,1,Urban,N
1583,Female,Yes,0,Graduate,No,3166,0,36,360,1,Semiurban,Y
1584,Male,Yes,1,Graduate,No,1880,0,61,360,,Rural,N
1585,Male,Yes,1,Graduate,No,2787,1917,146,360,0,Rural,N
1586,Male,Yes,1,Graduate,No,4283,3000,172,84,1,Rural,N
1587,Male,Yes,0,Graduate,No,2297,1522,104,360,1,Urban,Y
1588,Female,No,0,Not Graduate,No,2165,0,70,360,1,Semiurban,Y
1589,,No,0,Graduate,No,4750,0,94,360,1,Semiurban,Y
1590,Male,Yes,2,Graduate,Yes,2726,0,106,360,0,Semiurban,N
1591,Male,Yes,0,Graduate,No,3000,3416,56,180,1,Semiurban,Y
1592,Male,Yes,2,Graduate,Yes,6000,0,205,240,1,Semiurban,N
1593,,No,3+,Graduate,Yes,9357,0,292,360,1,Semiurban,Y
1594,Male,Yes,0,Graduate,No,3859,3300,142,180,1,Rural,Y
1595,Male,Yes,0,Graduate,Yes,16120,0,260,360,1,Urban,Y
1596,Male,No,0,Not Graduate,No,3833,0,110,360,1,Rural,Y
1597,Male,Yes,2,Not Graduate,Yes,6383,1000,187,360,1,Rural,N
1598,Male,No,,Graduate,No,2987,0,88,360,0,Semiurban,N
1599,Male,Yes,0,Graduate,Yes,9963,0,180,360,1,Rural,Y
1600,Male,Yes,2,Graduate,No,5780,0,192,360,1,Urban,Y
1601,Female,No,3+,Graduate,,416,41667,350,180,,Urban,N
1602,Male,Yes,0,Not Graduate,,2894,2792,155,360,1,Rural,Y
1603,Male,Yes,3+,Graduate,No,5703,0,128,360,1,Urban,Y
1604,Male,No,0,Graduate,No,3676,4301,172,360,1,Rural,Y
1605,Female,Yes,1,Graduate,No,12000,0,496,360,1,Semiurban,Y
1606,Male,Yes,0,Not Graduate,No,2400,3800,,180,1,Urban,N
1607,Male,Yes,1,Graduate,No,3400,2500,173,360,1,Semiurban,Y
1608,Male,Yes,2,Not Graduate,No,3987,1411,157,360,1,Rural,Y
1609,Male,Yes,0,Graduate,No,3232,1950,108,360,1,Rural,Y
1610,Female,No,0,Graduate,No,2900,0,71,360,1,Rural,Y
1611,Male,Yes,3+,Graduate,No,4106,0,40,180,1,Rural,Y
1612,Male,Yes,1,Graduate,No,8072,240,253,360,1,Urban,Y
1613,Male,Yes,2,Graduate,No,7583,0,187,360,1,Urban,Y
1614,Female,No,0,Graduate,Yes,4583,0,133,360,0,Semiurban,N
1615,Male,Yes,0,Graduate,No,5720,0,110,360,1,Urban,Y
1616,Male,Yes,1,Graduate,No,3076,1500,126,360,1,Urban,Y
1617,Male,Yes,2,Graduate,No,5000,1800,208,360,1,Urban,Y
1619,Male,No,0,Not Graduate,No,3276,0,78,360,1,Urban,Y
1620,Male,Yes,0,Not Graduate,Yes,2165,3422,152,360,1,Urban,Y
1621,Female,No,1,Not Graduate,No,2226,0,59,360,1,Semiurban,Y
1622,Male,Yes,2,Not Graduate,No,3881,0,147,360,0,Rural,N
1624,Male,No,0,Not Graduate,No,2400,2400,123,360,1,Semiurban,Y
1625,Male,No,0,Not Graduate,No,3091,0,90,360,1,Urban,N
1629,Female,No,0,Graduate,No,4666,0,124,360,1,Semiurban,Y
1630,Male,No,1,Graduate,No,5667,0,131,360,1,Urban,N
1631,Male,Yes,2,Graduate,No,4583,2916,200,360,1,Urban,N
1632,Male,Yes,3+,Graduate,No,3786,333,126,360,1,Semiurban,N
1633,Male,Yes,0,Graduate,No,9226,7916,300,360,1,Urban,Y
1634,Male,No,0,Graduate,No,1300,3470,100,180,1,Semiurban,Y
1635,Male,Yes,1,Not Graduate,No,1888,1620,48,360,1,Urban,N
1636,Female,No,3+,Not Graduate,No,2083,0,28,180,1,Urban,N
1637,Female,No,0,Graduate,No,3909,0,101,360,1,Urban,Y
1638,Female,No,0,Not Graduate,No,3765,0,125,360,1,Urban,Y
1639,Male,Yes,0,Graduate,No,5400,4380,290,360,1,Urban,Y
1640,Male,No,0,Graduate,No,0,24000,148,360,0,Rural,N
1642,Male,Yes,0,Graduate,No,7500,3750,275,360,1,Urban,Y
1644,Male,No,0,Graduate,No,2942,2382,125,180,1,Urban,Y
1645,Female,No,0,Not Graduate,No,2478,0,75,360,1,Semiurban,Y
1646,Male,Yes,2,Graduate,No,6250,820,192,360,1,Urban,Y
1647,Male,No,0,Graduate,No,3268,1683,152,360,1,Semiurban,Y
1648,Male,Yes,0,Graduate,No,2783,2708,158,360,1,Urban,Y
1649,Male,Yes,0,Graduate,No,2740,1541,101,360,1,Urban,Y
1650,Male,No,0,Graduate,No,3150,0,176,360,0,Semiurban,N
1652,Male,Yes,0,Graduate,Yes,2267,2792,90,360,1,Urban,Y
1653,Male,No,0,Graduate,Yes,5833,0,116,360,1,Urban,N
1654,Male,No,0,Graduate,No,3643,1963,138,360,1,Urban,Y
1655,Male,Yes,0,Graduate,No,5629,818,100,360,1,Urban,Y
1656,Female,No,0,Graduate,No,3644,0,110,360,1,Urban,Y
1657,Male,Yes,0,Not Graduate,No,1750,2024,90,360,1,Semiurban,Y
1658,Male,No,0,Graduate,No,6500,2600,200,360,1,Semiurban,Y
1659,Female,No,0,Graduate,No,3666,0,84,360,1,Urban,Y
1662,Male,No,0,Not Graduate,No,2356,1902,108,360,1,Semiurban,Y
1664,Male,Yes,3+,Not Graduate,Yes,8000,250,187,360,1,Semiurban,Y
1665,Male,Yes,1,Graduate,No,2419,1707,124,360,1,Urban,Y
1667,Male,Yes,1,Graduate,No,3500,3077,160,360,1,Semiurban,Y
1668,Male,Yes,2,Graduate,No,4116,1000,30,180,1,Urban,Y
1669,Male,Yes,0,Not Graduate,Yes,5293,0,92,360,1,Urban,Y
1670,Male,No,0,Graduate,No,2750,0,130,360,0,Urban,N
1671,Female,No,0,Not Graduate,No,4402,0,130,360,1,Rural,Y
1672,Male,Yes,2,Graduate,No,3613,3539,134,180,1,Semiurban,Y
1673,Female,Yes,2,Graduate,No,2779,3664,176,360,0,Semiurban,N
1674,Male,Yes,3+,Graduate,No,4720,0,90,180,1,Semiurban,Y
1675,Male,Yes,0,Not Graduate,No,2415,1721,110,360,1,Semiurban,Y
1676,Male,Yes,0,Graduate,Yes,7016,292,125,360,1,Urban,Y
1677,Female,No,2,Graduate,No,4968,0,189,360,1,Semiurban,N
1678,Female,No,0,Graduate,No,2101,1500,108,360,0,Rural,N
1679,Male,Yes,3+,Not Graduate,No,4490,0,125,360,1,Urban,N
1680,Male,Yes,0,Graduate,No,2917,3583,138,360,1,Semiurban,Y
1681,Male,Yes,0,Not Graduate,No,4700,0,135,360,0,Semiurban,N
1682,Male,Yes,0,Graduate,No,3445,0,130,360,0,Semiurban,N
1683,Male,Yes,0,Graduate,No,7666,0,187,360,1,Semiurban,Y
1684,Male,Yes,0,Graduate,No,2458,5105,188,360,0,Rural,N
1686,Male,No,0,Graduate,No,4463,0,65,360,1,Semiurban,Y
1688,Male,Yes,0,Graduate,Yes,3900,2094,232,360,1,Rural,N
1689,Male,Yes,0,Not Graduate,No,4750,3583,144,360,1,Semiurban,Y
1690,Male,No,0,Graduate,No,3583,3435,155,360,1,Urban,Y
1691,Male,Yes,0,Graduate,No,3189,2367,186,360,1,Urban,N
1692,Male,No,0,Graduate,Yes,6356,0,50,360,1,Rural,N
1694,Female,Yes,0,Graduate,No,7950,0,185,360,1,Urban,N
1695,Male,Yes,3+,Graduate,No,3829,1103,163,360,0,Urban,N
1696,Male,Yes,3+,Graduate,No,72529,0,360,360,1,Urban,N
1697,Male,Yes,2,Not Graduate,No,4136,0,149,480,0,Rural,N
1698,Male,Yes,0,Graduate,No,8449,0,257,360,1,Rural,Y
1699,Male,Yes,0,Graduate,No,4456,0,131,180,0,Semiurban,N
1700,Male,Yes,2,Graduate,No,4635,8000,102,180,1,Rural,Y
1701,Male,Yes,0,Graduate,No,3571,1917,135,360,1,Urban,Y
1702,Male,No,0,Graduate,No,3066,0,95,360,1,Semiurban,Y
1703,Male,No,2,Not Graduate,No,3235,2015,77,360,1,Semiurban,Y
1706,Male,Yes,3+,Graduate,No,13518,0,390,360,1,Rural,Y
1707,Male,Yes,1,Graduate,No,4364,2500,185,360,1,Semiurban,Y
1708,Male,Yes,2,Not Graduate,No,4766,1646,100,360,1,Semiurban,Y
1709,Male,Yes,1,Graduate,No,4609,2333,123,360,0,Semiurban,N
1710,Female,Yes,3+,Graduate,No,6260,0,110,360,1,Semiurban,Y
1711,Male,Yes,1,Graduate,No,3333,4200,256,360,1,Urban,Y
1712,Male,Yes,0,Graduate,No,3500,3250,140,360,1,Semiurban,Y
1713,Male,Yes,3+,Graduate,No,9719,0,61,360,1,Urban,Y
1715,Male,No,0,Graduate,No,4452,0,131,360,1,Rural,Y
1717,Male,Yes,1,Graduate,No,3901,0,116,360,1,Urban,N
1718,Male,Yes,2,Not Graduate,No,2687,0,50,180,1,Rural,N
1720,Female,Yes,0,Graduate,No,3417,1287,200,360,1,Semiurban,Y
1722,Male,Yes,3+,Graduate,No,4513,0,120,360,1,Rural,N
1723,Male,Yes,0,Graduate,No,4500,0,140,360,1,Semiurban,Y
1724,Male,Yes,0,Not Graduate,No,4523,1350,165,360,1,Urban,Y
1725,Female,No,0,Graduate,Yes,4742,0,108,360,1,Semiurban,Y
1727,Female,No,0,Graduate,No,3417,0,102,360,1,Urban,Y
1728,Female,Yes,2,Graduate,No,2922,3396,122,360,1,Semiurban,Y
1729,Male,Yes,0,Graduate,No,4167,4754,160,360,1,Rural,Y
1731,Female,No,0,Not Graduate,No,0,1760,180,360,1,Semiurban,Y
1733,Female,No,0,Graduate,No,1762,2666,104,360,0,Urban,N
1734,Male,Yes,2,Graduate,No,724,3510,213,360,0,Rural,N
1735,Male,No,0,Graduate,No,3125,0,65,360,1,Urban,N
1736,Male,Yes,0,Graduate,No,2333,3803,146,360,1,Rural,Y
1737,Male,Yes,3+,Graduate,No,3350,1560,135,360,1,Urban,Y
1738,Male,No,0,Graduate,No,2500,6414,187,360,0,Rural,N
1739,Female,No,0,Graduate,No,12500,0,300,360,0,Urban,N
1740,Male,No,0,Graduate,No,4667,0,120,360,1,Semiurban,Y
1741,Male,No,0,Graduate,No,6500,0,71,360,0,Urban,N
1742,Male,Yes,2,Graduate,No,7500,0,225,360,1,Urban,Y
1743,Male,No,0,Graduate,No,3073,0,70,180,1,Urban,N
1745,Male,Yes,0,Graduate,No,3333,1270,124,360,1,Urban,Y
1746,Male,No,0,Graduate,No,3391,0,132,360,1,Rural,Y
1747,Male,Yes,1,Graduate,Yes,3343,1517,105,360,1,Rural,Y
1748,Female,No,1,Graduate,No,3620,0,90,360,1,Urban,Y
1749,Male,No,0,Graduate,No,4000,0,83,84,1,Urban,Y
1750,Male,Yes,0,Graduate,No,4258,0,125,360,1,Urban,Y
1751,Male,Yes,2,Graduate,No,4500,0,147,360,1,Rural,N
1752,Male,Yes,1,Graduate,No,2014,2925,120,360,1,Rural,N
1755,Male,No,0,Graduate,No,4727,0,150,360,0,Rural,Y
1756,Male,Yes,3+,Graduate,No,3089,2999,100,240,1,Rural,N
1759,Male,Yes,2,Graduate,Yes,10890,0,260,12,1,Rural,Y
1760,Female,No,0,Graduate,No,12941,0,150,300,1,Urban,Y
1761,Male,No,0,Not Graduate,No,3276,0,90,360,1,Semiurban,Y
1762,Male,No,0,Not Graduate,Yes,8703,0,199,360,0,Rural,N
1763,Male,Yes,1,Graduate,No,4742,717,139,360,1,Semiurban,Y
1764,Male,No,0,Graduate,No,5900,0,150,360,1,Urban,Y
1765,Male,No,0,Graduate,No,3071,4309,180,360,1,Urban,Y
1766,Male,Yes,0,Graduate,No,2783,1456,113,360,1,Urban,Y
1767,Male,No,0,Graduate,No,5000,0,148,360,1,Rural,Y
1768,Male,Yes,1,Not Graduate,No,2463,2360,117,360,0,Urban,N
1769,Male,Yes,2,Graduate,No,4855,0,72,360,1,Rural,N
1770,Male,No,0,Not Graduate,Yes,1599,2474,125,300,1,Semiurban,N
1771,Male,Yes,2,Graduate,Yes,4246,4246,214,360,1,Urban,Y
1772,Male,Yes,0,Graduate,No,4333,2291,133,350,1,Rural,N
1773,Male,No,1,Graduate,No,5823,2529,187,360,1,Semiurban,Y
1774,Male,Yes,0,Not Graduate,No,7895,0,143,360,1,Rural,Y
1775,Male,No,0,Graduate,No,4150,4256,209,360,1,Rural,Y
1777,Male,No,0,Graduate,No,5583,0,116,360,1,Urban,N
1778,Female,No,0,Graduate,No,2708,0,65,360,1,Rural,Y
1780,Male,No,0,Not Graduate,No,2268,0,170,360,0,Semiurban,N
1781,Male,No,2,Not Graduate,No,1141,2017,120,360,0,Urban,N
1782,Male,Yes,0,Graduate,No,3042,3167,135,360,1,Urban,Y
1784,Female,Yes,1,Graduate,No,3564,0,79,360,1,Rural,Y
1785,Female,No,0,Graduate,No,3958,0,110,360,1,Rural,Y
1786,Male,Yes,2,Not Graduate,No,4483,0,130,360,1,Rural,N
1787,Male,Yes,0,Graduate,No,5225,0,143,360,1,Rural,N
1788,Male,No,0,Graduate,No,3017,2845,159,180,0,Urban,N
1789,Male,Yes,0,Not Graduate,No,2431,1820,110,360,0,Rural,N
1791,Male,Yes,2,Not Graduate,No,2500,3333,131,360,1,Urban,Y
1793,Male,Yes,2,Graduate,No,5128,0,143,360,1,Rural,N
1795,Male,Yes,2,Graduate,No,3958,2632,160,360,1,Semiurban,Y
1796,Male,Yes,0,Graduate,No,4334,2945,165,360,1,Semiurban,Y
1797,Male,Yes,2,Graduate,No,4358,0,110,360,1,Urban,Y
1798,Female,Yes,1,Graduate,No,4000,3917,173,360,1,Rural,N
1801,Male,Yes,2,Not Graduate,No,4521,1184,150,360,1,Semiurban,N
1802,Male,Yes,2,Graduate,No,9167,0,235,360,1,Semiurban,Y
1804,Male,Yes,2,Graduate,No,7874,3967,336,360,1,Rural,Y
1805,Female,Yes,1,Graduate,No,4333,0,132,84,1,Rural,Y
1806,Male,No,0,Graduate,No,4083,0,96,360,1,Urban,Y
1808,Male,Yes,3+,Not Graduate,No,2654,1998,128,360,0,Rural,N
1809,Male,Yes,1,Graduate,No,10000,2690,412,360,1,Semiurban,Y
1810,Male,No,0,Graduate,Yes,5833,0,116,360,1,Urban,N
1811,Male,Yes,1,Graduate,No,4796,0,114,360,0,Semiurban,N
1812,Male,Yes,0,Not Graduate,No,2000,1600,115,360,1,Rural,Y
1813,Male,Yes,2,Graduate,No,2540,700,104,360,0,Urban,N
1814,Male,Yes,0,Graduate,Yes,1900,1442,88,360,1,Rural,Y
1815,Male,Yes,0,Graduate,Yes,8706,0,108,480,1,Rural,N
1816,Male,Yes,3+,Not Graduate,No,2855,542,90,360,1,Urban,Y
1818,Female,Yes,0,Graduate,No,3159,2374,108,360,1,Semiurban,Y
1819,Female,No,0,Graduate,No,1937,1152,78,360,1,Semiurban,Y
1820,Male,Yes,0,Graduate,No,2613,2417,123,360,1,Semiurban,Y
1821,Male,Yes,1,Graduate,No,4960,2600,187,360,1,Semiurban,Y
1822,Male,Yes,1,Graduate,No,3074,1083,146,360,1,Semiurban,Y
1823,Female,No,0,Graduate,No,4213,0,80,360,1,Urban,Y
1825,Female,No,0,Graduate,No,2362,0,55,360,1,Urban,Y
1826,Male,No,0,Graduate,No,5333,2400,200,360,0,Rural,Y
1827,Male,Yes,3+,Graduate,Yes,5384,0,150,360,1,Semiurban,N
1828,Male,No,0,Graduate,No,5708,0,150,360,1,Rural,Y
1830,Male,Yes,0,Not Graduate,No,2914,2130,150,300,1,Urban,Y
1831,Male,Yes,0,Not Graduate,No,2747,2458,118,36,1,Semiurban,N
1832,Male,Yes,0,Graduate,No,7830,2183,212,360,1,Rural,N
1833,Male,Yes,1,Graduate,Yes,3507,3148,212,360,1,Rural,Y
1834,Male,Yes,1,Graduate,No,3747,2139,125,360,1,Urban,N
1836,Male,Yes,0,Not Graduate,No,3500,2168,149,360,1,Rural,N
1837,Male,Yes,2,Not Graduate,No,2896,0,80,480,1,Urban,N
1838,Female,No,1,Graduate,No,5062,0,152,300,1,Rural,Y
1839,Female,No,2,Graduate,Yes,5184,0,187,360,0,Semiurban,Y
1840,Female,No,0,Graduate,No,2545,0,74,360,1,Urban,Y
1841,Male,Yes,0,Graduate,No,2553,1768,102,360,1,Urban,Y
1842,Male,Yes,1,Graduate,No,3436,3809,100,360,1,Rural,Y
1843,Male,No,0,Graduate,No,2412,2755,130,360,1,Rural,N
1844,Male,Yes,3+,Not Graduate,No,5180,0,125,360,0,Urban,Y
1845,Male,No,0,Graduate,No,14911,14507,130,360,1,Semiurban,Y
1847,Male,Yes,0,Graduate,No,1173,1594,28,180,1,Rural,Y
1848,Female,No,1,Graduate,No,7600,0,92,360,1,Semiurban,N
1849,Female,Yes,0,Graduate,No,2157,1788,104,360,1,Urban,N
1850,Male,No,0,Graduate,No,2231,2774,176,360,0,Urban,N
1851,Female,No,0,Graduate,No,2274,5211,117,360,0,Semiurban,N
1852,Male,Yes,2,Not Graduate,No,6166,13983,102,360,1,Rural,Y
1853,Male,Yes,2,Not Graduate,No,2513,1110,107,360,1,Semiurban,Y
1854,Male,No,0,Graduate,No,4333,0,66,480,1,Urban,N
1855,Male,No,0,Not Graduate,No,3844,0,105,360,1,Urban,Y
1856,Male,Yes,0,Graduate,No,3887,1517,105,360,0,Semiurban,N
1857,Male,Yes,0,Graduate,No,3510,828,105,360,1,Semiurban,Y
1859,Female,No,0,Not Graduate,No,2107,0,64,360,1,Semiurban,Y
1861,Male,Yes,2,Graduate,Yes,5000,2166,150,360,1,Urban,Y
1863,Male,Yes,0,Not Graduate,Yes,3943,0,64,360,1,Semiurban,Y
1864,Male,No,0,Graduate,No,2925,0,40,180,1,Rural,Y
1865,Male,Yes,3+,Graduate,No,3242,437,142,480,0,Urban,N
1867,Female,No,1,Graduate,No,4028,0,131,360,1,Semiurban,Y
1868,Male,Yes,2,Graduate,No,4010,1025,120,360,1,Urban,Y
1869,Female,Yes,1,Graduate,No,3719,1585,114,360,1,Urban,Y
1871,Female,Yes,0,Graduate,No,3833,0,92,360,1,Rural,Y
1872,Male,Yes,0,Graduate,No,3333,4288,160,360,1,Urban,Y
1873,Male,Yes,0,Graduate,No,3007,3725,151,360,1,Rural,Y
1875,Male,Yes,3+,Not Graduate,No,2792,2619,171,360,1,Semiurban,N
1876,Male,Yes,0,Graduate,No,2982,1550,110,360,1,Semiurban,Y
1878,Male,Yes,1,Graduate,No,18840,0,234,360,1,Rural,N
1879,Male,Yes,2,Graduate,No,2995,1120,184,360,1,Rural,N
1881,Female,Yes,1,Not Graduate,No,3835,1400,112,480,0,Urban,N
1882,Female,No,1,Not Graduate,No,3854,3575,117,360,1,Rural,N
1883,Male,Yes,2,Graduate,No,5833,750,49,360,0,Rural,N
1884,Male,No,0,Graduate,No,3508,0,99,360,1,Rural,N
1885,Female,Yes,3+,Not Graduate,No,1635,2444,99,360,1,Urban,N
1886,Female,No,0,Graduate,Yes,3333,3916,212,360,1,Rural,N
1887,Male,No,1,Graduate,No,24797,0,240,360,1,Semiurban,Y
1888,Male,Yes,2,Graduate,No,5667,440,130,360,0,Semiurban,N
1889,Female,No,0,Graduate,No,3500,0,94,360,0,Semiurban,N
1890,Male,Yes,3+,Graduate,No,2773,1497,108,360,1,Semiurban,Y
1892,Female,No,0,Graduate,No,5769,0,110,180,1,Semiurban,Y
1895,Male,No,0,Graduate,No,2166,2057,122,360,1,Semiurban,Y
1896,Male,Yes,0,Graduate,No,5000,0,126,360,1,Rural,N
1898,Male,No,0,Not Graduate,No,9000,0,122,360,1,Rural,Y
1899,Female,Yes,2,Graduate,No,10000,11666,460,360,1,Urban,N
1903,Male,No,0,Graduate,No,4983,0,141,360,1,Urban,Y
1905,Male,Yes,0,Graduate,No,3667,2000,170,360,1,Semiurban,N
1906,Male,Yes,2,Graduate,No,3166,2833,145,360,1,Urban,Y
1907,Male,No,0,Not Graduate,No,3271,0,90,360,1,Rural,Y
1908,Female,Yes,0,Graduate,No,2241,2000,88,360,0,Urban,N
1910,Female,Yes,0,Graduate,No,2666,0,84,480,1,Semiurban,Y
1913,Female,Yes,2,Not Graduate,No,3729,0,117,360,1,Semiurban,Y
1914,Male,Yes,2,Graduate,No,4120,0,128,360,1,Rural,Y
1915,Male,Yes,1,Graduate,Yes,7500,0,75,360,1,Urban,Y
1919,Male,Yes,0,Graduate,No,2600,700,96,360,1,Semiurban,Y
1921,Male,Yes,2,Graduate,Yes,7500,0,183,360,1,Rural,Y
1922,Male,Yes,2,Not Graduate,No,3859,0,121,360,1,Rural,N
1923,Male,Yes,1,Graduate,No,6825,0,162,360,1,Rural,Y
1924,Male,Yes,0,Graduate,No,3708,4700,132,360,1,Semiurban,Y
1925,Male,No,0,Graduate,No,5314,0,147,360,1,Urban,Y
1926,Female,No,3+,Graduate,No,2366,5272,153,360,0,Rural,N
1928,Male,Yes,2,Graduate,No,5000,0,149,360,1,Rural,N
1929,Female,No,0,Graduate,No,3767,0,134,300,1,Urban,Y
1930,Female,Yes,0,Graduate,No,7859,879,165,180,1,Semiurban,N
1931,Female,Yes,0,Graduate,No,4283,0,120,360,1,Rural,Y
1932,Male,Yes,0,Not Graduate,No,1700,2900,67,360,0,Urban,N
1934,Male,No,0,Graduate,No,3083,2738,120,360,1,Urban,Y
1935,Male,Yes,1,Graduate,No,2667,1542,148,360,1,Rural,Y
1936,Female,Yes,0,Not Graduate,No,1647,1762,181,360,1,Urban,N
1937,Male,Yes,3+,Graduate,No,3400,0,80,120,1,Urban,N
1939,Male,Yes,0,Graduate,No,5333,0,90,360,1,Rural,Y
1940,Male,No,0,Graduate,No,2875,2416,95,6,0,Semiurban,N
1942,Male,Yes,2,Graduate,No,5041,700,150,360,1,Urban,Y
1943,Male,Yes,3+,Graduate,Yes,6958,1411,150,360,1,Rural,Y
1945,Male,Yes,0,Graduate,No,5509,0,143,360,1,Rural,Y
1946,Male,Yes,3+,Graduate,No,9699,0,300,360,1,Urban,Y
1947,Female,Yes,1,Not Graduate,No,3621,2717,171,360,1,Urban,N
1948,Female,Yes,0,Graduate,No,4709,0,113,360,1,Semiurban,Y
1949,Male,Yes,0,Graduate,No,1516,1951,35,360,1,Semiurban,Y
1950,Male,No,2,Graduate,No,2400,0,46,360,1,Urban,N
1952,Male,Yes,0,Graduate,No,2292,1558,119,360,1,Urban,Y
1953,Male,Yes,1,Graduate,Yes,2360,3355,87,240,1,Rural,Y
1954,Female,No,0,Graduate,No,4333,2333,162,360,0,Rural,Y
1955,Male,Yes,0,Graduate,Yes,2623,4831,122,180,1,Semiurban,Y
1956,Male,No,0,Graduate,Yes,3972,4275,187,360,1,Rural,Y
1957,Male,Yes,3+,Not Graduate,No,3522,0,81,180,1,Rural,N
1958,Male,Yes,1,Graduate,No,4700,0,80,360,1,Urban,N
1959,Male,No,0,Graduate,No,6858,0,176,360,1,Rural,Y
1960,Male,Yes,3+,Graduate,No,8334,0,260,360,1,Urban,Y
1961,Male,Yes,0,Graduate,No,3391,1966,133,360,0,Rural,N
1962,Male,No,0,Not Graduate,No,2868,0,70,360,1,Urban,N
1963,Male,Yes,2,Not Graduate,No,3418,1380,135,360,1,Urban,Y
1964,Male,Yes,0,Graduate,Yes,2500,296,137,300,1,Rural,Y
1965,Male,Yes,2,Graduate,No,8667,0,254,360,1,Rural,Y
1967,Male,Yes,0,Graduate,No,5817,910,109,360,1,Urban,Y
1968,Male,Yes,0,Graduate,No,5119,3769,120,360,1,Rural,Y
1969,Male,Yes,3+,Not Graduate,No,5316,187,158,180,0,Semiurban,Y
1970,Male,Yes,3+,Graduate,No,7603,1213,197,360,1,Urban,Y
1971,Male,Yes,1,Graduate,No,3791,1936,85,360,1,Urban,Y
1972,Male,No,0,Graduate,No,2500,0,60,360,1,Urban,Y
1974,Male,No,0,Graduate,No,4000,2667,152,360,1,Semiurban,Y
1976,Male,Yes,1,Graduate,No,2269,2167,99,360,1,Semiurban,Y
1977,Male,Yes,3+,Not Graduate,Yes,4009,1777,113,360,1,Urban,Y
1978,Male,Yes,0,Graduate,No,4158,709,115,360,1,Urban,Y
1980,Male,Yes,0,Graduate,No,5000,2393,158,360,1,Rural,N
1981,Male,No,0,Graduate,Yes,9200,0,98,180,1,Rural,N
